"No","SNPs","Gene"
1,"rs1571344","CR1"
2,"rs2025935","CR1"
3,"rs4310446","CR1"
4,"rs11117959","CR1"
5,"rs10127904","CR1"
6,"rs650877","CR1"
7,"rs3737002","CR1"
8,"rs11118131","CR1"
9,"rs677066","CR1"
10,"rs6691117","CR1"
11,"rs3818361","CR1"
12,"rs6701713","CR1"
13,"rs12734030","CR1"
14,"rs1408077","CR1"
15,"rs10779339","CR1"
16,"rs880436","BIN1"
17,"rs934826","BIN1"
18,"rs3768857","BIN1"
19,"rs2276575","BIN1"
20,"rs13430599","BIN1"
21,"rs10194375","BIN1"
22,"rs13426725","BIN1"
23,"rs10200967","BIN1"
24,"rs17014923","BIN1"
25,"rs6709337","BIN1"
26,"rs11678252","BIN1"
27,"rs873270","BIN1"
28,"rs749008","BIN1"
29,"rs9296559","CD2AP"
30,"rs9473121","CD2AP"
31,"rs1385741","CD2AP"
32,"rs9296562","CD2AP"
33,"rs6458573","CD2AP"
34,"rs13191654","CD2AP"
35,"rs9395285","CD2AP"
36,"rs6936632","CD2AP"
37,"rs1485780","CD2AP"
38,"rs1485781","CD2AP"
39,"rs9349417","CD2AP"
40,"rs10948367","CD2AP"
41,"rs11136000","CLU"
42,"rs9314349","CLU"
43,"rs610932","MS4A6A"
44,"rs662196","MS4A6A"
45,"rs583791","MS4A6A"
46,"rs17602572","MS4A6A"
47,"rs7929057","MS4A4E"
48,"rs618679","PICALM"
49,"rs2077815","PICALM"
50,"rs10898427","PICALM"
51,"rs11234495","PICALM"
52,"rs510566","PICALM"
53,"rs10501602","PICALM"
54,"rs10501604","PICALM"
55,"rs713346","PICALM"
56,"rs475639","PICALM"
57,"rs669336","PICALM"
58,"rs7938033","PICALM"
59,"rs10792820","PICALM"
60,"rs527162","PICALM"
61,"rs680119","PICALM"
62,"rs10792821","PICALM"
63,"rs642949","PICALM"
64,"rs666682","PICALM"
65,"rs664629","PICALM"
66,"rs17745273","PICALM"
67,"rs1941375","PICALM"
68,"rs677909","PICALM"
69,"rs11234532","PICALM"
70,"rs10501608","PICALM"
71,"rs669556","PICALM"
72,"rs10419707","ABCA7"
73,"rs3752237","ABCA7"
74,"rs3752240","ABCA7"
75,"rs3764651","ABCA7"
76,"rs3752242","ABCA7"
77,"rs2279796","ABCA7"
78,"rs4147930","ABCA7"
79,"rs4147932","ABCA7"
80,"rs405509","APOE"
81,"rs769451","APOE"
82,"rs3826656","CD33"
83,"rs3865444","CD33"
84,"rs988337","CD33"
85,"rs33978622","CD33"
86,"rs1354106","CD33"
87,"rs273653","CD33"
88,"rs1803254","CD33"
89,"rs7182060","ADAM10"
90,"rs16871236","NEDD9"
91,"rs2072834","NEDD9"
92,"rs2784945","LOC651924"
93,"rs9389952","LOC651924"
94,"rs9791189","NEDD9"
95,"rs9663603","SORCS1"
96,"rs9461735","NEDD9"
97,"rs10509839","SORCS1"
98,"rs2083597","SORCS1"
99,"rs4815715","PRNP"
100,"rs9496146","LOC651924"
101,"rs5917584","OTC"
102,"rs10884480","SORCS1"
103,"rs2282714","ECE1"
104,"rs4618520","NEDD9"
105,"rs950809","SORCS1"
106,"rs2064111","NEDD9"
107,"rs2250938","SORCS1"
108,"rs6457200","NEDD9"
109,"rs12359838","SORCS1"
110,"rs7076316","SORCS1"
111,"rs7025760","DAPK1"
112,"rs2418828","SORCS1"
113,"rs6570480","LOC651924"
114,"rs1427282","ADAM10"
115,"rs1931613","SORCS1"
116,"rs1251753","SORCS1"
117,"rs1555367","PRNP"
118,"rs7907713","SORCS1"
119,"rs2246712","SORCS1"
120,"rs11192931","SORCS1"
121,"rs10780849","DAPK1"
122,"rs1041325","DAPK1"
123,"rs11141879","DAPK1"
124,"rs387149","IL33"
125,"rs3026883","ECE1"
126,"rs536841","PICALM"
127,"rs6787177","TF"
128,"rs4420280","SORL1"
129,"rs12777366","SORCS1"
130,"rs7219773","TNK1"
131,"rs541458","PICALM"
132,"rs10748948","SORCS1"
133,"rs10509857","SORCS1"
134,"rs12685372","DAPK1"
135,"rs4287912","TF"
136,"rs694335","ADAM10"
137,"rs11237451","GAB2"
138,"rs2244483","SORCS1"
139,"rs5917579","OTC"
140,"rs7077490","SORCS1"
141,"rs1661005","SORCS1"
142,"rs1892141","SORCS1"
143,"rs4465845","PRNP"
144,"rs4525863","TF"
145,"rs4512758","SORCS1"
146,"rs7762944","LOC651924"
147,"rs10509829","SORCS1"
148,"rs11854073","ADAM10"
149,"rs9366787","NEDD9"
150,"rs3781827","SORL1"
151,"rs2210969","SORCS1"
152,"rs11605969","SORL1"
153,"rs2031622","SORCS1"
154,"rs12209631","NEDD9"
155,"rs1336269","LOC651924"
156,"rs297660","PRNP"
157,"rs319814","SORCS1"
158,"rs2243561","SORCS1"
159,"rs2404175","BIN1"
160,"rs10509832","SORCS1"
161,"rs9368621","NEDD9"
162,"rs3943703","BIN1"
163,"rs2125071","SORCS1"
164,"rs317493","SORCS1"
165,"rs2855412","PRNP"
166,"rs947307","LDLR"
167,"rs2327394","NEDD9"
168,"rs3026886","ECE1"
169,"rs2228671","LDLR"
170,"rs6560006","DAPK1"
171,"rs7073924","SORCS1"
172,"rs11816843","SORCS1"
173,"rs7540470","LDLR"
174,"rs1660989","SORCS1"
175,"rs383902","ADAM10"
176,"rs10457728","LOC651924"
177,"rs1870181","SORCS1"
178,"rs9296000","NEDD9"
179,"rs317509","SORCS1"
180,"rs17367504","MTHFR"
181,"rs6494029","ADAM10"
182,"rs2152676","SORCS1"
183,"rs3740078","ENTPD7"
184,"rs12766593","SORCS1"
185,"rs12344505","DAPK1"
186,"rs1958938","DAPK1"
187,"rs821685","SORCS1"
188,"rs8043406","ADAM10"
189,"rs12439189","ADAM10"
190,"rs11655156","TNK1"
191,"rs1790213","SORL1"
192,"rs4917503","SORCS1"
193,"rs317496","SORCS1"
194,"rs2784940","LOC651924"
195,"rs9496139","LOC651924"
196,"rs16924159","IL33"
197,"rs2784947","LOC651924"
198,"rs1558889","DAPK1"
199,"rs3128519","DAPK1"
200,"rs821705","SORCS1"
201,"rs28455654","ADAM10"
202,"rs6541003","MTHFR"
203,"rs1783832","SORL1"
204,"rs1923782","DAPK1"
205,"rs6713701","BIN1"
206,"rs7921765","SORCS1"
207,"rs12779243","SORCS1"
208,"rs12441313","ADAM10"
209,"rs12906705","ADAM10"
210,"rs11190245","ENTPD7"
211,"rs1930056","DAPK1"
212,"rs12989701","BIN1"
213,"rs6037894","PRNP"
214,"rs4854755","TF"
215,"rs760680","NEDD9"
216,"rs9484567","LOC651924"
217,"rs6139434","PRNP"
218,"rs11193679","SORCS1"
219,"rs481179","SORCS1"
220,"rs12217601","SORCS1"
221,"rs2224434","IL8"
222,"rs4694636","IL8"
223,"rs10748913","SORCS1"
224,"rs3028","DAPK1"
225,"rs317506","SORCS1"
226,"rs1330383","IL33"
227,"rs5014707","DAPK1"
228,"rs17209374","SORCS1"
229,"rs1336979","SORCS1"
230,"rs1427281","ADAM10"
231,"rs10884443","SORCS1"
232,"rs6457131","NEDD9"
233,"rs6133126","PRNP"
234,"rs1930057","DAPK1"
235,"rs13031703","BIN1"
236,"rs2248478","SORCS1"
237,"rs10884399","SORCS1"
238,"rs12625444","PRNP"
239,"rs2145231","CST3"
240,"rs7078098","SORCS1"
241,"rs10975516","IL33"
242,"rs621942","PICALM"
243,"rs10422797","EXOC3L2"
244,"rs4513489","CCR2"
245,"rs9468793","NEDD9"
246,"rs11668477","LDLR"
247,"rs4275799","ADAM10"
248,"rs9999446","IL8"
249,"rs10512188","DAPK1"
250,"rs10119713","IL33"
251,"rs647905","SORL1"
252,"rs4476816","NEDD9"
253,"rs2298525","SORL1"
254,"rs10124250","IL33"
255,"rs12761509","SORCS1"
256,"rs377528","SORCS1"
257,"rs7894703","SORCS1"
258,"rs7905675","TFAM"
259,"rs12773048","SORCS1"
260,"rs6116375","PRNP"
261,"rs1330012","SORCS1"
262,"rs7174386","ADAM10"
263,"rs2081703","ADAM10"
264,"rs7897681","SORCS1"
265,"rs1801133","MTHFR"
266,"rs3917368","IL1B"
267,"rs1032537","SORCS1"
268,"rs2305421","ADAM10"
269,"rs1316801","CLU"
270,"rs10484448","NEDD9"
271,"rs10826176","TFAM"
272,"rs9426748","ECE1"
273,"rs1105384","DAPK1"
274,"rs1981405","GAB2"
275,"rs11141937","DAPK1"
276,"rs1006257","LOC651924"
277,"rs6052699","PRNP"
278,"rs6584766","SORCS1"
279,"rs4918292","SORCS1"
280,"rs1427219","TFAM"
281,"rs2009154","PRNP"
282,"rs8177213","TF"
283,"rs7922128","SORCS1"
284,"rs17284802","SORCS1"
285,"rs7927923","GAB2"
286,"rs3793647","DAPK1"
287,"rs10005565","IL8"
288,"rs6441961","CCR2"
289,"rs1339637","SORCS1"
290,"rs6511720","LDLR"
291,"rs12216113","LOC651924"
292,"rs2900778","SORCS1"
293,"rs2244739","SORCS1"
294,"rs1571515","DAPK1"
295,"rs1947569","SORCS1"
296,"rs10748965","SORCS1"
297,"rs1269918","SORCS1"
298,"rs439401","APOE"
299,"rs3798729","NEDD9"
300,"rs10952198","TFAM"
301,"rs10509849","SORCS1"
302,"rs1861832","DAPK1"
303,"rs2994989","LDLR"
304,"rs6139494","PRNP"
305,"rs9376660","LOC651924"
306,"rs9295828","NEDD9"
307,"rs7909332","SORCS1"
308,"rs7085387","TFAM"
309,"rs1883238","NEDD9"
310,"rs7919814","SORCS1"
311,"rs17195022","SORCS1"
312,"rs1572711","SORCS1"
313,"rs16871247","NEDD9"
314,"rs6919269","NEDD9"
315,"rs6584777","SORCS1"
316,"rs2208303","PRNP"
317,"rs768827","SORCS1"
318,"rs11141914","DAPK1"
319,"rs2281043","PGBD1"
320,"rs6107516","PRNP"
321,"rs10512185","DAPK1"
322,"rs10892771","SORL1"
323,"rs6584846","SORCS1"
324,"rs2341694","LDLR"
325,"rs2841031","CH25H"
326,"rs2450129","GAB2"
327,"rs12376350","DAPK1"
328,"rs10509809","SORCS1"
329,"rs2418834","SORCS1"
330,"rs7758295","LOC651924"
331,"rs689021","SORL1"
332,"rs17498196","IL33"
333,"rs6932496","NEDD9"
334,"rs2075760","TNK1"
335,"rs10124291","DAPK1"
336,"rs8177184","TF"
337,"rs1866235","BIN1"
338,"rs1503415","SORL1"
339,"rs11193248","SORCS1"
340,"rs2418960","SORCS1"
341,"rs1799898","LDLR"
342,"rs10169916","IL1B"
343,"rs10509810","SORCS1"
344,"rs1473180","DAPK1"
345,"rs2177828","SORCS1"
346,"rs11193198","SORCS1"
347,"rs1576445","SORCS1"
348,"rs626747","SORL1"
349,"rs7855635","DAPK1"
350,"rs7268029","PRNP"
351,"rs2219380","SORCS1"
352,"rs11685593","BIN1"
353,"rs17496723","NEDD9"
354,"rs4447608","IL1B"
355,"rs731600","GAB2"
356,"rs11218429","SORL1"
357,"rs1415498","SORCS1"
358,"rs4713379","NEDD9"
359,"rs10746803","DAPK1"
360,"rs3026868","ECE1"
361,"rs7785046","TFAM"
362,"rs2900713","SORCS1"
363,"rs10509852","SORCS1"
364,"rs4713432","NEDD9"
365,"rs2994968","LDLR"
366,"rs13288561","DAPK1"
367,"rs1056719","DAPK1"
368,"rs12249894","SORCS1"
369,"rs12240947","SORCS1"
370,"rs607437","SORCS1"
371,"rs10884402","SORCS1"
372,"rs17399090","DAPK1"
373,"rs596577","SORCS1"
374,"rs2327389","NEDD9"
375,"rs2569538","LDLR"
376,"rs11193280","SORCS1"
377,"rs7071961","SORCS1"
378,"rs11193901","SORCS1"
379,"rs6037922","PRNP"
380,"rs6084794","PRNP"
381,"rs6592772","GAB2"
382,"rs2994978","LDLR"
383,"rs11193670","SORCS1"
384,"rs6088655","PRNP"
385,"rs2314","DAPK1"
386,"rs7012010","CLU"
387,"rs2276346","SORL1"
388,"rs1801131","MTHFR"
389,"rs17475756","DAPK1"
390,"rs1556758","SORCS1"
391,"rs10509830","SORCS1"
392,"rs12221204","SORCS1"
393,"rs7769173","NEDD9"
394,"rs7025941","DAPK1"
395,"rs1329513","SORCS1"
396,"rs9468690","NEDD9"
397,"rs7916849","TFAM"
398,"rs1010158","SORL1"
399,"rs2243454","SORCS1"
400,"rs1409409","SORCS1"
401,"rs726601","SORL1"
402,"rs1421001","DAPK1"
403,"rs11193268","SORCS1"
404,"rs11141878","DAPK1"
405,"rs1893447","GAB2"
406,"rs10786936","SORCS1"
407,"rs1433099","LDLR"
408,"rs4878089","DAPK1"
409,"rs653765","ADAM10"
410,"rs676165","SORL1"
411,"rs317452","SORCS1"
412,"rs3118862","DAPK1"
413,"rs7919012","SORCS1"
414,"rs10899469","GAB2"
415,"rs4944196","GAB2"
416,"rs4945261","GAB2"
417,"rs4878094","DAPK1"
418,"rs2306604","TFAM"
419,"rs7775262","NEDD9"
420,"rs11882238","GAPDHS"
421,"rs11006133","TFAM"
422,"rs2265217","SORCS1"
423,"rs11218301","SORL1"
424,"rs1476413","MTHFR"
425,"rs4878104","DAPK1"
426,"rs17042407","IL1A"
427,"rs319812","SORCS1"
428,"rs6608762","OTC"
429,"rs213028","ECE1"
430,"rs1318241","GAB2"
431,"rs213045","ECE1"
432,"rs11193576","SORCS1"
433,"rs1358030","SORCS1"
434,"rs11193880","SORCS1"
435,"rs2031621","SORCS1"
436,"rs1358024","TF"
437,"rs1870182","SORCS1"
438,"rs4508523","LDLR"
439,"rs2114562","TFAM"
440,"rs543293","PICALM"
441,"rs1981105","PRNP"
442,"rs11006130","TFAM"
443,"rs10898438","PICALM"
444,"rs6457160","NEDD9"
445,"rs934827","BIN1"
446,"rs6116433","PRNP"
447,"rs822095","SORCS1"
448,"rs11193593","SORCS1"
449,"rs9681213","CCR2"
450,"rs568158","SORL1"
451,"rs4878060","DAPK1"
452,"rs10792830","PICALM"
453,"rs2723167","IL1B"
454,"rs495942","PICALM"
455,"rs5930","LDLR"
456,"rs765651","SORCS1"
457,"rs1891385","IL33"
458,"rs4918274","SORCS1"
459,"rs4936632","SORL1"
460,"rs911165","PRNP"
461,"rs2326536","PRNP"
462,"rs319795","SORCS1"
463,"rs910325","LOC651924"
464,"rs11193367","SORCS1"
465,"rs556646","SORCS1"
466,"rs10502262","SORL1"
467,"rs1115219","TF"
468,"rs17477827","DAPK1"
469,"rs9651424","CH25H"
470,"rs1338025","SORCS1"
471,"rs928413","IL33"
472,"rs517678","SORCS1"
473,"rs10509853","SORCS1"
474,"rs1034506","SORCS1"
475,"rs2708914","IL1B"
476,"rs1411090","DAPK1"
477,"rs563794","SORCS1"
478,"rs3014554","LDLR"
479,"rs212531","ECE1"
480,"rs11193296","SORCS1"
481,"rs3811647","TF"
482,"rs1007717","LOC651924"
483,"rs4935775","SORL1"
484,"rs10429166","TFAM"
485,"rs11593950","SORCS1"
486,"rs11192913","SORCS1"
487,"rs17123514","SORCS1"
488,"rs4878066","DAPK1"
489,"rs1869135","ADAM10"
490,"rs212539","ECE1"
491,"rs7753254","LOC651924"
492,"rs9348868","NEDD9"
493,"rs10787083","SORCS1"
494,"rs12476995","BIN1"
495,"rs7605172","BIN1"
496,"rs3826810","LDLR"
497,"rs2890704","IL33"
498,"rs1415491","SORCS1"
499,"rs317499","SORCS1"
500,"rs7905723","SORCS1"
501,"rs2511175","GAB2"
502,"rs4568934","SORCS1"
503,"rs7098468","SORCS1"
504,"rs11193962","SORCS1"
505,"rs12551256","IL33"
506,"rs688","LDLR"
507,"rs12218574","SORCS1"
508,"rs6037864","PRNP"
509,"rs6107503","PRNP"
510,"rs1030738","TFAM"
511,"rs10786978","SORCS1"
512,"rs10512186","DAPK1"
513,"rs2950","NEDD9"
514,"rs11141899","DAPK1"
515,"rs952965","SORCS1"
516,"rs10899496","GAB2"
517,"rs10815398","IL33"
518,"rs6133127","PRNP"
519,"rs1057490","ENTPD7"
520,"rs4713229","NEDD9"
521,"rs1150724","PGBD1"
522,"rs7897070","SORCS1"
523,"rs8122922","CST3"
524,"rs2692695","TF"
525,"rs528956","SORL1"
526,"rs4878077","DAPK1"
527,"rs7214863","TNK1"
528,"rs2466446","IL1B"
529,"rs1338956","SORCS1"
530,"rs659023","PICALM"
531,"rs4662703","BIN1"
532,"rs16871166","NEDD9"
533,"rs9380149","NEDD9"
534,"rs1525940","SORCS1"
535,"rs12773693","SORCS1"
536,"rs4918219","SORCS1"
537,"rs4813709","PRNP"
538,"rs2210463","IL33"
539,"rs6116400","PRNP"
540,"rs11218381","SORL1"
541,"rs7033258","IL33"
542,"rs2992644","LDLR"
543,"rs2994985","LDLR"
544,"rs1475524","DAPK1"
545,"rs213025","ECE1"
546,"rs1554","DAPK1"
547,"rs7874448","DAPK1"
548,"rs4431961","SORCS1"
549,"rs1336978","SORCS1"
550,"rs7025417","IL33"
551,"rs1326357","SORCS1"
552,"rs12218153","SORCS1"
553,"rs10429241","TFAM"
554,"rs7844965","CLU"
555,"rs1237999","PICALM"
556,"rs4740840","IL33"
557,"rs1348144","SORCS1"
558,"rs7022187","DAPK1"
559,"rs1339636","SORCS1"
560,"rs666004","SORL1"
561,"rs10509843","SORCS1"
562,"rs11193918","SORCS1"
563,"rs967473","NEDD9"
564,"rs11193682","SORCS1"
565,"rs2569537","LDLR"
566,"rs1337430","SORCS1"
567,"rs10947009","NEDD9"
568,"rs7849703","DAPK1"
569,"rs213058","ECE1"
570,"rs12767354","SORCS1"
571,"rs6133145","PRNP"
572,"rs17014784","BIN1"
573,"rs212515","ECE1"
574,"rs11193272","SORCS1"
575,"rs7897726","SORCS1"
576,"rs2378733","DAPK1"
577,"rs4877370","DAPK1"
578,"rs2986018","CALHM1"
579,"rs6052761","PRNP"
580,"rs11193274","SORCS1"
581,"rs2028211","BIN1"
582,"rs491878","SORCS1"
583,"rs10815388","IL33"
584,"rs1475525","DAPK1"
585,"rs2182337","NEDD9"
586,"rs6912916","NEDD9"
587,"rs9296008","NEDD9"
588,"rs6133125","PRNP"
589,"rs10753514","ECE1"
590,"rs12539603","TFAM"
591,"rs17477673","DAPK1"
592,"rs2292572","GAB2"
593,"rs3118860","DAPK1"
594,"rs3128495","DAPK1"
595,"rs13072188","CCR2"
596,"rs4846048","MTHFR"
597,"rs11141790","DAPK1"
598,"rs11193270","SORCS1"
599,"rs4725257","TFAM"
600,"rs11687624","IL1A"
601,"rs10947021","NEDD9"
602,"rs11818608","SORCS1"
603,"rs3734404","NEDD9"
604,"rs13040731","CST3"
605,"rs1023024","SORCS1"
606,"rs10884600","SORCS1"
607,"rs4461142","ACE"
608,"rs10746816","DAPK1"
609,"rs821689","SORCS1"
610,"rs4636589","SORCS1"
611,"rs1866236","BIN1"
612,"rs744970","NEDD9"
613,"rs10501426","GAB2"
614,"rs878183","SORCS1"
615,"rs12358344","SORCS1"
616,"rs2142741","NEDD9"
617,"rs17310467","PRNP"
618,"rs4428180","TF"
619,"rs1262099","SORCS1"
620,"rs1676784","SORCS1"
621,"rs317455","SORCS1"
622,"rs4818919","CLU"
623,"rs2066362","IL33"
624,"rs6584753","SORCS1"
625,"rs212524","ECE1"
626,"rs4936637","SORL1"
627,"rs212525","ECE1"
628,"rs7074961","SORCS1"
629,"rs10509567","CH25H"
630,"rs10101779","CLU"
631,"rs676759","SORL1"
632,"rs1411831","SORCS1"
633,"rs912067","DAPK1"
634,"rs7914264","SORCS1"
635,"rs12259847","SORCS1"
636,"rs12999411","BIN1"
637,"rs1870183","SORCS1"
638,"rs161016","SORCS1"
639,"rs1620003","SORL1"
640,"rs3128477","DAPK1"
641,"rs3939286","IL33"
642,"rs7828131","CLU"
643,"rs4269843","CH25H"
644,"rs4818922","CLU"
645,"rs661057","SORL1"
646,"rs10887927","CH25H"
647,"rs10787011","SORCS1"
648,"rs2900712","SORCS1"
649,"rs6076703","PRNP"
650,"rs1816759","SORCS1"
651,"rs6052778","PRNP"
652,"rs1411290","SORCS1"
653,"rs11141754","DAPK1"
654,"rs7452101","NEDD9"
655,"rs4526180","NEDD9"
656,"rs881754","SORL1"
657,"rs7091822","CH25H"
658,"rs721936","DAPK1"
659,"rs1329600","DAPK1"
660,"rs12908165","ADAM10"
661,"rs7036598","DAPK1"
662,"rs4849123","IL1B"
663,"rs2070045","SORL1"
664,"rs10884524","SORCS1"
665,"rs11193639","SORCS1"
666,"rs1416797","SORCS1"
667,"rs12451328","ACE"
668,"rs6584307","ENTPD7"
669,"rs6139470","PRNP"
670,"rs1049296","TF"
671,"rs11818213","SORCS1"
672,"rs10120750","DAPK1"
673,"rs11088952","CLU"
674,"rs472664","SORCS1"
675,"rs10790459","SORL1"
676,"rs8177191","TF"
677,"rs1532763","SORL1"
678,"rs317490","SORCS1"
679,"rs12128470","ECE1"
680,"rs4878075","DAPK1"
681,"rs212534","ECE1"
682,"rs1699105","SORL1"
683,"rs960935","DAPK1"
684,"rs7870463","DAPK1"
685,"rs866050","SORCS1"
686,"rs2244482","SORCS1"
687,"rs11193936","SORCS1"
688,"rs317434","SORCS1"
689,"rs669061","SORCS1"
690,"rs913778","DAPK1"
691,"rs1890457","SORCS1"
692,"rs11193816","SORCS1"
693,"rs492638","CLU"
694,"rs11192819","SORCS1"
695,"rs17177040","SORCS1"
696,"rs2327336","NEDD9"
697,"rs406322","IL33"
698,"rs12412964","SORCS1"
699,"rs11193635","SORCS1"
700,"rs8115602","PRNP"
701,"rs10509865","SORCS1"
702,"rs6685831","ECE1"
703,"rs2149196","SORCS1"
704,"rs11192787","SORCS1"
705,"rs3128501","DAPK1"
706,"rs11193583","SORCS1"
707,"rs1931600","SORCS1"
708,"rs10916959","ECE1"
709,"rs6908326","NEDD9"
710,"rs2297855","SORCS1"
711,"rs10786925","SORCS1"
712,"rs7910174","SORCS1"
713,"rs11193859","SORCS1"
714,"rs10509868","SORCS1"
715,"rs10884387","SORCS1"
716,"rs7912221","SORCS1"
717,"rs3781832","SORL1"
718,"rs9651118","MTHFR"
719,"rs3780928","SORCS1"
720,"rs2113567","SORCS1"
721,"rs12131134","ECE1"
722,"rs992969","IL33"
723,"rs7072807","SORCS1"
724,"rs2859720","PRNP"
725,"rs1441270","SORCS1"
726,"rs4305","ACE"
727,"rs11698728","PRNP"
728,"rs11193900","SORCS1"
729,"rs4713212","NEDD9"
730,"rs9295802","NEDD9"
731,"rs297741","PRNP"
732,"rs17312242","SORCS1"
733,"rs10125534","DAPK1"
734,"rs1316489","DAPK1"
735,"rs3026913","ECE1"
736,"rs4877369","DAPK1"
737,"rs9394080","NEDD9"
738,"rs1997660","PGBD1"
739,"rs1953040","DAPK1"
740,"rs7897974","SORCS1"
741,"rs10868609","DAPK1"
742,"rs1499247","SORCS1"
743,"rs9636534","PRNP"
744,"rs1441279","SORCS1"
745,"rs2111554","DAPK1"
746,"rs1465131","NEDD9"
747,"rs2184796","SORCS1"
748,"rs1547021","PRNP"
749,"rs10501610","PICALM"
750,"rs9469055","NEDD9"
751,"rs7741863","NEDD9"
752,"rs574015","BIN1"
753,"rs4343","ACE"
754,"rs550165","SORCS1"
755,"rs1930061","DAPK1"
756,"rs1944683","SORL1"
757,"rs1496077","SORCS1"
758,"rs11193831","SORCS1"
759,"rs12240854","SORCS1"
760,"rs597668","EXOC3L2"
761,"rs12151019","GAPDHS"
762,"rs7074173","SORCS1"
763,"rs12415086","SORCS1"
764,"rs1330001","SORCS1"
765,"rs7814146","CLU"
766,"rs6139516","PRNP"
767,"rs4796412","TNK1"
768,"rs943855","DAPK1"
769,"rs2183938","DAPK1"
770,"rs4935774","SORL1"
771,"rs9380116","NEDD9"
772,"rs11193420","SORCS1"
773,"rs10868644","DAPK1"
774,"rs3128479","DAPK1"
775,"rs4631890","SORL1"
776,"rs9295823","NEDD9"
777,"rs7918637","SORCS1"
778,"rs3124236","DAPK1"
779,"rs9394097","NEDD9"
780,"rs1863021","SORCS1"
781,"rs1475345","NEDD9"
782,"rs1785461","CLU"
783,"rs12248379","SORCS1"
784,"rs4660091","LDLR"
785,"rs2027474","SORCS1"
786,"rs12621220","IL1B"
787,"rs8177190","TF"
788,"rs2418811","SORCS1"
789,"rs6037908","PRNP"
790,"rs749909","CLU"
791,"rs7904308","SORCS1"
792,"rs1125798","SORCS1"
793,"rs4663098","BIN1"
794,"rs1382035","PRNP"
795,"rs12001404","DAPK1"
796,"rs7561528","BIN1"
797,"rs2183939","DAPK1"
798,"rs10884579","SORCS1"
799,"rs7082958","SORCS1"
800,"rs6139439","PRNP"
801,"rs2058882","DAPK1"
802,"rs4362","ACE"
803,"rs7922310","SORCS1"
804,"rs1834175","SORCS1"
805,"rs4933497","CH25H"
806,"rs7915527","SORCS1"
807,"rs11141889","DAPK1"
808,"rs11194016","SORCS1"
809,"rs517866","SORCS1"
810,"rs297745","PRNP"
811,"rs4878112","DAPK1"
812,"rs3823449","NEDD9"
813,"rs2282715","ECE1"
814,"rs4353","ACE"
815,"rs9376669","LOC651924"
816,"rs755577","CALHM1"
817,"rs10509850","SORCS1"
818,"rs10884573","SORCS1"
819,"rs2064112","NEDD9"
820,"rs10509826","SORCS1"
821,"rs4878117","DAPK1"
822,"rs7095427","SORCS1"
823,"rs10926494","LDLR"
824,"rs7097380","SORCS1"
825,"rs7910584","SORCS1"
826,"rs1133174","SORL1"
827,"rs3118866","DAPK1"
828,"rs10786999","SORCS1"
829,"rs7036781","DAPK1"
830,"rs4878115","DAPK1"
831,"rs6139486","PRNP"
832,"rs11193820","SORCS1"
833,"rs4329","ACE"
834,"rs1614735","SORL1"
835,"rs7905923","SORCS1"
836,"rs9368603","NEDD9"
837,"rs12356312","SORCS1"
838,"rs12563264","LDLR"
839,"rs6609709","OTC"
840,"rs2418810","SORCS1"
841,"rs1785469","CLU"
842,"rs11815380","SORCS1"
843,"rs1944685","SORL1"
844,"rs1887635","SORCS1"
845,"rs1049432","TFAM"
846,"rs4849124","IL1B"
847,"rs10786972","SORCS1"
848,"rs4713225","NEDD9"
849,"rs4935777","SORL1"
850,"rs1944677","SORL1"
851,"rs548032","BIN1"
852,"rs7749883","LOC651924"
853,"rs3014192","CALHM1"
854,"rs1953042","DAPK1"
855,"rs11591564","SORCS1"
856,"rs766857","SORCS1"
857,"rs13283404","DAPK1"
858,"rs4813708","PRNP"
859,"rs6116371","PRNP"
860,"rs10916958","ECE1"
861,"rs6133138","PRNP"
862,"rs10509823","SORCS1"
863,"rs10946984","NEDD9"
864,"rs1417949","SORCS1"
865,"rs949076","SORL1"
866,"rs10884374","SORCS1"
867,"rs1944679","SORL1"
868,"rs2026777","SORCS1"
869,"rs7894314","SORCS1"
870,"rs10868558","DAPK1"
871,"rs1415020","SORCS1"
872,"rs4936653","SORL1"
873,"rs556902","BIN1"
874,"rs17291402","SORCS1"
875,"rs2418804","SORCS1"
876,"rs84853","ECE1"
877,"rs7949483","SORL1"
878,"rs1143634","IL1B"
879,"rs2326508","PRNP"
880,"rs4936647","SORL1"
881,"rs2273684","PRNP"
882,"rs3128521","DAPK1"
883,"rs685316","SORCS1"
884,"rs4419374","TF"
885,"rs213022","ECE1"
886,"rs10787038","SORCS1"
887,"rs297765","PRNP"
888,"rs1556314","CLU"
889,"rs1661004","SORCS1"
890,"rs12769098","SORCS1"
891,"rs2010779","CLU"
892,"rs11193190","SORCS1"
893,"rs17202249","IL8"
894,"rs10754728","LDLR"
895,"rs2418976","SORCS1"
896,"rs17117126","CH25H"
897,"rs4267385","ACE"
898,"rs947306","LDLR"
899,"rs7115520","SORL1"
900,"rs10790454","SORL1"
901,"rs1928474","DAPK1"
902,"rs12469600","IL1B"
903,"rs1661008","SORCS1"
904,"rs1903905","SORCS1"
905,"rs10502260","SORL1"
906,"rs10884496","SORCS1"
907,"rs2900784","SORCS1"
908,"rs574989","SORCS1"
909,"rs8066276","ACE"
910,"rs540029","SORL1"
911,"rs1573477","CLU"
912,"rs4311","ACE"
913,"rs4877367","DAPK1"
914,"rs10884409","SORCS1"
915,"rs4917467","SORCS1"
916,"rs717751","SORCS1"
917,"rs4344419","SORCS1"
918,"rs1891193","SORCS1"
919,"rs11757904","NEDD9"
920,"rs1699102","SORL1"
921,"rs3118846","DAPK1"
922,"rs2274606","DAPK1"
923,"rs1699101","SORL1"
924,"rs1342326","IL33"
925,"rs213010","ECE1"
926,"rs7937934","SORL1"
927,"rs1874980","SORCS1"
928,"rs10884381","SORCS1"
929,"rs1676801","SORCS1"
930,"rs2245123","SORCS1"
931,"rs2025677","NEDD9"
932,"rs1015477","DAPK1"
933,"rs4818921","CLU"
934,"rs1414743","LOC651924"
935,"rs7086673","SORCS1"
936,"rs10892774","SORL1"
937,"rs1893841","SORL1"
938,"rs11192792","SORCS1"
939,"rs7079264","SORCS1"
940,"rs10868564","DAPK1"
941,"rs2486154","SORCS1"
942,"rs12245545","TFAM"
943,"rs6088659","PRNP"
944,"rs1014306","DAPK1"
945,"rs17227554","SORCS1"
946,"rs7216307","GRN"
947,"rs11814145","SORCS1"
948,"rs3026841","ECE1"
949,"rs340908","IL33"
950,"rs2418977","SORCS1"
951,"rs6746923","IL1A"
952,"rs12240548","SORCS1"
953,"rs213039","ECE1"
954,"rs2181019","SORCS1"
955,"rs2896773","BIN1"
956,"rs4944558","PICALM"
957,"rs4848304","IL1A"
958,"rs17561","IL1A"
959,"rs12378686","DAPK1"
960,"rs6037913","PRNP"
961,"rs1861828","DAPK1"
962,"rs6905101","NEDD9"
963,"rs7076037","SORCS1"
964,"rs472548","SORCS1"
965,"rs4309","ACE"
966,"rs7091546","SORCS1"
967,"rs7748486","NEDD9"
968,"rs2150604","SORCS1"
969,"rs4848300","IL1A"
970,"rs754737","BIN1"
971,"rs9393992","NEDD9"
972,"rs4551186","LOC651924"
973,"rs7776318","LOC651924"
974,"rs7942719","PICALM"
975,"rs12626073","PRNP"
976,"rs719965","SORCS1"
977,"rs6076687","PRNP"
978,"rs1360246","SORCS1"
979,"rs11814111","SORCS1"
980,"rs9287568","BIN1"
981,"rs11680809","IL1B"
982,"rs12412457","SORCS1"
983,"rs2446026","SORCS1"
984,"rs7074484","SORCS1"
985,"rs11802956","LDLR"
986,"rs6693420","LDLR"
987,"rs1927976","DAPK1"
988,"rs12768215","SORCS1"
989,"rs11601726","GAB2"
990,"rs4878073","DAPK1"
991,"rs6116466","PRNP"
992,"rs10786910","SORCS1"
993,"rs556349","SORL1"
994,"rs6715733","BIN1"
995,"rs1329510","SORCS1"
996,"rs1012503","NEDD9"
997,"rs4877368","DAPK1"
998,"rs17316057","SORCS1"
999,"rs10160337","PICALM"
1000,"rs1331155","SORCS1"
1001,"rs1936488","SORCS1"
1002,"rs729211","CALHM1"
1003,"rs1917827","SORCS1"
1004,"rs11141915","DAPK1"
1005,"rs12360303","SORCS1"
1006,"rs10180930","BIN1"
1007,"rs2018334","NEDD9"
1008,"rs11961030","NEDD9"
1009,"rs4711289","NEDD9"
1010,"rs11193377","SORCS1"
1011,"rs2182335","NEDD9"
1012,"rs6608821","OTC"
1013,"rs2745251","ECE1"
1014,"rs1964911","DAPK1"
1015,"rs10815357","IL33"
1016,"rs11193910","SORCS1"
1017,"rs7750359","LOC651924"
1018,"rs3758308","DAPK1"
1019,"rs1018374","NEDD9"
1020,"rs2250498","SORCS1"
1021,"rs11006132","TFAM"
1022,"rs10491052","SORCS1"
1023,"rs3798731","NEDD9"
1024,"rs11192998","SORCS1"
1025,"rs2756271","PRNP"
1026,"rs1883235","NEDD9"
1027,"rs2225456","SORCS1"
1028,"rs376382","IL33"
1029,"rs610785","SORCS1"
1030,"rs2239942","GAPDHS"
1031,"rs661319","SORCS1"
1032,"rs7908795","SORCS1"
1033,"rs9389972","LOC651924"
1034,"rs6107504","PRNP"
1035,"rs1902728","SORCS1"
1036,"rs9373333","LOC651924"
1037,"rs4076156","NEDD9"
1038,"rs2179179","NEDD9"
1039,"rs7915045","SORCS1"
1040,"rs744373","BIN1"
1041,"rs4918255","SORCS1"
1042,"rs6088662","PRNP"
1043,"rs7773151","LOC651924"
1044,"rs9389968","LOC651924"
1045,"rs9496212","LOC651924"
1046,"rs3783526","IL1A"
1047,"rs10496444","IL1A"
1048,"rs2251717","SORCS1"
1049,"rs12335425","DAPK1"
1050,"rs386880","IL33"
1051,"rs7067538","SORCS1"
1052,"rs1405044","SORCS1"
1053,"rs10780842","DAPK1"
1054,"rs10509825","SORCS1"
1055,"rs10786998","SORCS1"
1056,"rs2238724","CLU"
1057,"rs11964334","NEDD9"
1058,"rs11193130","SORCS1"
1059,"rs11141918","DAPK1"
1060,"rs2418971","SORCS1"
1061,"rs3785817","GRN"
1062,"rs1568400","THRA"
1063,"rs10868605","DAPK1"
1064,"rs10748932","SORCS1"
1065,"rs346763","EXOC3L2"
1066,"rs7894245","SORCS1"
1067,"rs10257217","TFAM"
1068,"rs2146342","NEDD9"
1069,"rs3124238","DAPK1"
1070,"rs6139433","PRNP"
1071,"rs17356664","EXOC3L2"
